nombre,apellido,email,edad,contrasena
Juan,Gomez,jgomez@gmail.com,18,123456
Pedro,Perez,pperez@gmail.com,25,987654
Pedro,Perez,pperez1@gmail.com,30,987654
Pedro,Perez,pperez2@gmail.com,15,987654
Pedro,Perez,pperez3@gmail.com,60,987654
Pedro,Perez,pperez4@gmail.com,28,987654
Pedro,Perez,pperez5@gmail.com,35,987654
Pedro,Perez,pperez6@gmail.com,41,987654
Pedro,Perez,pperez7@gmail.com,57,987654
Pedro,Perez,pperez8@gmail.com,21,987654
Pedro,Perez,pperez9@gmail.com,22,987654
Pedro,Perez,pperez10@gmail.com,25,987654
Pedro,Perez,pperez11@gmail.com,30,987654
Pedro,Perez,pperez12@gmail.com,17,987654
Pedro,Perez,pperez13@gmail.com,72,987654
Pedro,Perez,pperez14@gmail.com,64,987654
Pedro,Perez,pperez15@gmail.com,52,987654
